status	grade	xm_bytes	t10p_bytes	firmware_bytes	xm_sha256	t10p_sha256	warnings	source_url	path	error
verified	approximate	22366	21453		c762dfccbda9aa9b0709e4b717fbba6d669d343a8fa6309add72e694f0566440	14c4e1ed78577e59ddf61fff521699eda05ef4a92dd2e9d663e19d76c799781f	1 long sample loops become one-shot PCM (loop length > 64); sustain loops are not preserved; 5 non-looped samples become 16 kHz PCM one-shots; 8 short loops become 16-point wavetables and sustain until cut; 2 PCM instruments are triggered at multiple notes; playback rate is baked from each instrument's most common note	https://ftp.modland.com/pub/modules/Protracker/4-Mat/a642.mod	4-Mat/a642.mod	
verified	approximate	46806	32159		d02d8abea8d717cedb265bee5498d7a39c8e10cd91e14a7de38c1f57704d4031	c076a6b424c6a55fb238aae80b776743e348a5818b5e88d85025fc0978163c70	1 long sample loops become one-shot PCM (loop length > 64); sustain loops are not preserved; 5 non-looped samples become 16 kHz PCM one-shots; 2 short loops become 16-point wavetables and sustain until cut; 5 PCM instruments are triggered at multiple notes; playback rate is baked from each instrument's most common note	https://ftp.modland.com/pub/modules/Protracker/4-Mat/ace%20ii.mod	4-Mat/ace ii.mod	
verified	approximate	17518	18459		e696cbc81f133c5df0cd6c52b5ddfaa88be3ed0f080aff0074ba1d33807e8a82	0f12b19bfeded0f5358cedef9eec4324bf99164cc21dd90dc8f8d84d6870cae1	14 vibrato-volume slides keep only the volume slide; 3 long sample loops become one-shot PCM (loop length > 64); sustain loops are not preserved; 3 non-looped samples become 16 kHz PCM one-shots; 9 short loops become 16-point wavetables and sustain until cut; 2 PCM instruments are triggered at multiple notes; playback rate is baked from each instrument's most common note	https://ftp.modland.com/pub/modules/Protracker/4-Mat/actionplatform.mod	4-Mat/actionplatform.mod	
verified	approximate	23954	21867		5bd25898a4540878e6525ffb2428953eee98f607b54b33f188d5c1d0e6788fcf	2300eb81585ce5219f7e769a43cd453374552be974d800d58f25e566d97364f2	1 long sample loops become one-shot PCM (loop length > 64); sustain loops are not preserved; 3 non-looped samples become 16 kHz PCM one-shots; 1 PCM instruments are triggered at multiple notes; playback rate is baked from each instrument's most common note	https://ftp.modland.com/pub/modules/Protracker/4-Mat/agony-loading%20highlands.mod	4-Mat/agony-loading highlands.mod	
verified	approximate	55326	33602		779d8508302cade0dee09255103d2c46297f1fae1783233a92bfafaaac35d87b	1f9ed04fa07e88b9ab743a8a8a1b53113ac91208edb19e083d0e3cbd5b874875	32 vibrato-volume slides keep only the volume slide; 1 Amiga LED filter commands are ignored; 5 long sample loops become one-shot PCM (loop length > 64); sustain loops are not preserved; 5 PCM instruments are triggered at multiple notes; playback rate is baked from each instrument's most common note	https://ftp.modland.com/pub/modules/Protracker/4-Mat/agony-marshes.mod	4-Mat/agony-marshes.mod	
verified	approximate	15046	16875		9aa9a7fd84ac12c5cf1c4bf334bc0bd3761cba2385864c94b5b56de854632320	17f21f164b931c5f7eea14483ca1b771a298de9cdcee504a48b6a94f7c5f9ba2	5 vibrato-volume slides keep only the volume slide; 4 long sample loops become one-shot PCM (loop length > 64); sustain loops are not preserved; 12 short loops become 16-point wavetables and sustain until cut; 4 PCM instruments are triggered at multiple notes; playback rate is baked from each instrument's most common note	https://ftp.modland.com/pub/modules/Protracker/4-Mat/amiga%20memories.mod	4-Mat/amiga memories.mod	
verified	approximate	14028	11957		ef55536db3ead9988a02cf6360d3fd73dd2043cd5400ff98f8335a8d2c39a2bb	5af9acaf78ce813d4e4bbeba51a53b8ccbb0931de945cdb62a4fb665d4b99dfe	7 vibrato-volume slides keep only the volume slide; 1 fine portamento commands are discarded; 3 long sample loops become one-shot PCM (loop length > 64); sustain loops are not preserved; 13 short loops become 16-point wavetables and sustain until cut; 2 PCM instruments are triggered at multiple notes; playback rate is baked from each instrument's most common note	https://ftp.modland.com/pub/modules/Protracker/4-Mat/amiga%2799.mod	4-Mat/amiga'99.mod	
verified	approximate	48906	33427		7c464136f57ac18a38664e8a3b040dd596e1d610b63bac15ead842231d758e63	6c8444c950f573c3f28955ad25da24f12b0de77ba02f7e5fe5dbecc4fa9a6ce1	193 vibrato-volume slides keep only the volume slide; 10 long sample loops become one-shot PCM (loop length > 64); sustain loops are not preserved; 3 non-looped samples become 16 kHz PCM one-shots; 7 PCM instruments are triggered at multiple notes; playback rate is baked from each instrument's most common note	https://ftp.modland.com/pub/modules/Protracker/4-Mat/amiga1.mod	4-Mat/amiga1.mod	
verified	approximate	14636	15810		7f9ba58906d4097431fca0c591fc0f13889d3df77540c739d4b72f7dbdb3cfd6	ba1c78aa6874bd8d5af37a322391d3854638ee4b9b26914addf14d1f770e2a41	586 vibrato-volume slides keep only the volume slide; 1 long sample loops become one-shot PCM (loop length > 64); sustain loops are not preserved; 3 non-looped samples become 16 kHz PCM one-shots; 10 short loops become 16-point wavetables and sustain until cut; 1 PCM instruments are triggered at multiple notes; playback rate is baked from each instrument's most common note	https://ftp.modland.com/pub/modules/Protracker/4-Mat/anarchymenu%2001.mod	4-Mat/anarchymenu 01.mod	
verified	approximate	17118	15495		ddaa7983ea5835873b86be3177c42fafca7e035ccac2e03d37020269dc689c90	43588eeb98e61ab28463a4a5f2e910fd5ae45c0060fce3b0f8ba558e0238b4f9	119 vibrato-volume slides keep only the volume slide; 9 long sample loops become one-shot PCM (loop length > 64); sustain loops are not preserved; 3 non-looped samples become 16 kHz PCM one-shots; 6 short loops become 16-point wavetables and sustain until cut; 4 PCM instruments are triggered at multiple notes; playback rate is baked from each instrument's most common note	https://ftp.modland.com/pub/modules/Protracker/4-Mat/anarchymenu%2002.mod	4-Mat/anarchymenu 02.mod	
verified	approximate	15350	12680		34a1d95049bbf6337c48c53955cb80de4142b8a777c9c6c8774f091ca52cf219	54ceadab678dff20743bb3186f899fef7a4c5949f371d635dea1386d3d0b00a9	407 vibrato-volume slides keep only the volume slide; 4 long sample loops become one-shot PCM (loop length > 64); sustain loops are not preserved; 2 non-looped samples become 16 kHz PCM one-shots; 10 short loops become 16-point wavetables and sustain until cut; 2 PCM instruments are triggered at multiple notes; playback rate is baked from each instrument's most common note	https://ftp.modland.com/pub/modules/Protracker/4-Mat/anarchymenu%2004.mod	4-Mat/anarchymenu 04.mod	
verified	approximate	8000	8862		c6b770669f8a5d8f2fb4ecae91f6759de045e6c1f513a8c05849bef8913a0cd0	42715a96eb21d2602b1228c90786944cc6eb18926a89e25980a3ed2a3d540b0b	230 vibrato-volume slides keep only the volume slide; 1 long sample loops become one-shot PCM (loop length > 64); sustain loops are not preserved; 2 non-looped samples become 16 kHz PCM one-shots; 11 short loops become 16-point wavetables and sustain until cut; 1 PCM instruments are triggered at multiple notes; playback rate is baked from each instrument's most common note	https://ftp.modland.com/pub/modules/Protracker/4-Mat/anarchymenu%2006.mod	4-Mat/anarchymenu 06.mod	
verified	approximate	8256	8819		6f30c44d866af22433be7c89d15d4054567c70f6f0354e32fa95165bc83f6af1	e109ec5073df9ca7757a948d946063e1e637ec9838bfa32b1089acb56f05836c	194 vibrato-volume slides keep only the volume slide; 2 long sample loops become one-shot PCM (loop length > 64); sustain loops are not preserved; 2 non-looped samples become 16 kHz PCM one-shots; 7 short loops become 16-point wavetables and sustain until cut; 3 PCM instruments are triggered at multiple notes; playback rate is baked from each instrument's most common note	https://ftp.modland.com/pub/modules/Protracker/4-Mat/anarchymenu%2007.mod	4-Mat/anarchymenu 07.mod	
verified	approximate	5316	6524		e400fe533eea334fd042a114720bee5fbf08153fdd1f86e3eedfc3377b3a7f7b	f3e2a0d3ba75056bcfb3b6e74be40c9821aabcfdaa89fff7b3b4b9a84264facc	62 vibrato-volume slides keep only the volume slide; 7 long sample loops become one-shot PCM (loop length > 64); sustain loops are not preserved; 6 short loops become 16-point wavetables and sustain until cut; 7 PCM instruments are triggered at multiple notes; playback rate is baked from each instrument's most common note	https://ftp.modland.com/pub/modules/Protracker/4-Mat/anarchymenu%2008.mod	4-Mat/anarchymenu 08.mod	
verified	approximate	9082	10311		d9872ebe1058cb9a1a8bbc341b5dbf9de0ab4bed285ca7707121ba75e542f2f2	87582f45488330e6d945f53549b69e56433a340369e4e7c8ffa87428680327b6	266 vibrato-volume slides keep only the volume slide; 9 long sample loops become one-shot PCM (loop length > 64); sustain loops are not preserved; 1 non-looped samples become 16 kHz PCM one-shots; 4 short loops become 16-point wavetables and sustain until cut; 5 PCM instruments are triggered at multiple notes; playback rate is baked from each instrument's most common note	https://ftp.modland.com/pub/modules/Protracker/4-Mat/anarchymenu%2009.mod	4-Mat/anarchymenu 09.mod	
verified	approximate	42944	25218		e2860984f114d1ac2f83af5afa4fbeecfd6f89a12d1c687d62b296d5177d1ae9	686823ca3ffcb2f38cd99bad2b765f2029a635f6783ee95a4cf2ea80fddfef4a	33 sample-offset commands start samples from the beginning; 9 non-looped samples become 16 kHz PCM one-shots; 8 PCM instruments are triggered at multiple notes; playback rate is baked from each instrument's most common note	https://ftp.modland.com/pub/modules/Protracker/Captain/mega%20kool%20musik.mod	Captain/mega kool musik.mod	
verified	approximate	50062	25390		9ae9a608533ea8cc81111b0f087b62a2f66521793a67435cc8191433dc08f3d9	b6ad3b74f47b25b086aee8d860bf0ac0850b2b06957e14ed5d5b43b988f42c78	32 sample-offset commands start samples from the beginning; 1 Amiga LED filter commands are ignored; 14 non-looped samples become 16 kHz PCM one-shots; 9 PCM instruments are triggered at multiple notes; playback rate is baked from each instrument's most common note	https://ftp.modland.com/pub/modules/Protracker/Dizzy/aaltoluonne.mod	Dizzy/aaltoluonne.mod	
verified	approximate	27708	23352		1c05c865847a80b1bce88d4611e3fb48ea741107c012df3e558e0b7b24918a0f	917d8fef67a05a35e61b4aff23935b47e9d601d43f264543696a9d213e7fc8af	3 note-delay commands trigger at tick zero; 1 Amiga LED filter commands are ignored; 36 fine volume slides are discarded; 1 non-looped samples become 16 kHz PCM one-shots; 1 PCM instruments are triggered at multiple notes; playback rate is baked from each instrument's most common note	https://ftp.modland.com/pub/modules/Protracker/Dizzy/carillon.mod	Dizzy/carillon.mod	
verified	approximate	14974	9122		09fa347cd5a86a90ea13329d9997dae315508fc63d38fa5214ff8eef6bb0911c	982ab513be1802e6eae0b2860ba3fadfa40df79465f215a808ee47651390357b	4 non-looped samples become 16 kHz PCM one-shots; 4 PCM instruments are triggered at multiple notes; playback rate is baked from each instrument's most common note	https://ftp.modland.com/pub/modules/Protracker/Dizzy/fanaatti.mod	Dizzy/fanaatti.mod	
verified	approximate	18500	6587		24b80a6e2f436f3053ca8baa02267c849a701e51a0566470345e1a7a51265c19	49fe3ffe3d77afdda2d208dbb1fd3e132cfd0e9a3d2905eb12f8a73df0e09483	20 tone-portamento+volume slides keep only tone portamento; 41 note-delay commands trigger at tick zero; 2 Amiga LED filter commands are ignored; 1 short loops become 16-point wavetables and sustain until cut	https://ftp.modland.com/pub/modules/Protracker/Dizzy/fanaattinen%20tyhjyys.mod	Dizzy/fanaattinen tyhjyys.mod	
verified	approximate	28188	17866		9a7fbaa2a48ca61b84ff757bf990547fd5736d7a48524794e8002b2100c1ceee	04872001f745819f9d8d8b9060a64d3ff1fdc09cc7e6e2d3a7829c667f7dfbab	5 Amiga LED filter commands are ignored; 4 long sample loops become one-shot PCM (loop length > 64); sustain loops are not preserved; 5 non-looped samples become 16 kHz PCM one-shots; 7 PCM instruments are triggered at multiple notes; playback rate is baked from each instrument's most common note	https://ftp.modland.com/pub/modules/Protracker/Dizzy/iconvex.mod	Dizzy/iconvex.mod	
verified	approximate	48460	18084		be82356950142103be40bd910c8084be8f341d75159b5c43377a29ef8e893d66	e3d87bae10acdd502840f8b6310732489611fa05568a6ade0978216d5bba84e9	60 sample-offset commands start samples from the beginning; 2 Amiga LED filter commands are ignored; 1 long sample loops become one-shot PCM (loop length > 64); sustain loops are not preserved; 5 non-looped samples become 16 kHz PCM one-shots; 5 PCM instruments are triggered at multiple notes; playback rate is baked from each instrument's most common note	https://ftp.modland.com/pub/modules/Protracker/Dizzy/ihmeellinen%20luonto.mod	Dizzy/ihmeellinen luonto.mod	
verified	approximate	44128	25824		836b4d6585307e3afef1c5e0ffe2f5bef1859746586f1d7c9f61e6eb9c195d02	6b6d9adf50221abcc38bc1779f9956c092898c4e8fdfb0282deb0393c6a55aef	1 Amiga LED filter commands are ignored; 1 long sample loops become one-shot PCM (loop length > 64); sustain loops are not preserved; 7 non-looped samples become 16 kHz PCM one-shots; 5 PCM instruments are triggered at multiple notes; playback rate is baked from each instrument's most common note	https://ftp.modland.com/pub/modules/Protracker/Dr.%20Awesome/10%20feet%20away.mod	Dr. Awesome/10 feet away.mod	
verified	approximate	50974	30494		2d69bbfb953675f8cd706c900e41ba98c7a44b422fe3bfb12ad20faeb25ed4f5	f130bbc15b4148c7613c14681fb90afd47ada3a945aff291fa0416da426223e7	26 sample-offset commands start samples from the beginning; 4 long sample loops become one-shot PCM (loop length > 64); sustain loops are not preserved; 5 non-looped samples become 16 kHz PCM one-shots; 6 PCM instruments are triggered at multiple notes; playback rate is baked from each instrument's most common note	https://ftp.modland.com/pub/modules/Protracker/Dr.%20Awesome/airline.1.mod	Dr. Awesome/airline.1.mod	
verified	approximate	50702	28997		8573a31afb82cbda3fa952613e3ac651a2bbc6aed091e056aa778ab96f1ce017	7175d09cc4a9b8f23466e458727b95c0cde25c60ec4ba8aac2ae5f3761bef50e	1 sample-offset commands start samples from the beginning; 2 long sample loops become one-shot PCM (loop length > 64); sustain loops are not preserved; 9 non-looped samples become 16 kHz PCM one-shots; 9 PCM instruments are triggered at multiple notes; playback rate is baked from each instrument's most common note	https://ftp.modland.com/pub/modules/Protracker/Dr.%20Awesome/airline.2.mod	Dr. Awesome/airline.2.mod	
verified	approximate	51656	29628		1eabe5cb262c5e33320acd34b1f4071d73b5264efff3408d1fa547205f608638	c1f7082ebc407999a2b05588f214f9cb71464dbbb2462a7060997f0353cec47b	22 tone-portamento+volume slides keep only tone portamento; 10 vibrato-volume slides keep only the volume slide; 6 note-delay commands trigger at tick zero; 31 fine volume slides are discarded; 3 long sample loops become one-shot PCM (loop length > 64); sustain loops are not preserved; 8 non-looped samples become 16 kHz PCM one-shots; 10 PCM instruments are triggered at multiple notes; playback rate is baked from each instrument's most common note	https://ftp.modland.com/pub/modules/Protracker/Dr.%20Awesome/airline.3.mod	Dr. Awesome/airline.3.mod	
verified	approximate	34756	30749		9c446f46445a21410f473db87bda5982d7e43363cb59df9f5c4611a024029ee8	f9f7d12baf57562967e06e792f7ee652cb8a5edf2a7fcac15b8be25148256698	520 set-volume commands above 64 are clamped; 1 long sample loops become one-shot PCM (loop length > 64); sustain loops are not preserved; 4 non-looped samples become 16 kHz PCM one-shots; 2 PCM instruments are triggered at multiple notes; playback rate is baked from each instrument's most common note	https://ftp.modland.com/pub/modules/Protracker/Dr.%20Awesome/alien%20breed%203d%20-%20ingame.mod	Dr. Awesome/alien breed 3d - ingame.mod	
verified	approximate	51006	31209		776877430bc9410578a16912f925a2b6a59eb13db64a8f12eea83f86126ebf35	aa0baa005eea40a81be72e405a81d01b8e03deb248a04ae1de48f19cfb3c5c7a	8 non-looped samples become 16 kHz PCM one-shots; 5 PCM instruments are triggered at multiple notes; playback rate is baked from each instrument's most common note	https://ftp.modland.com/pub/modules/Protracker/Dr.%20Awesome/avoidtune.mod	Dr. Awesome/avoidtune.mod	
verified	approximate	49088	27095		9703e768fc3d4b22c9b3a60905fd11abe085c2e4b712a5a0d119c253a323b491	29f08dd28003871524918975bfc567ee95dd0a18c86422eb7970d3e1e5fa2a21	1 Amiga LED filter commands are ignored; 2 long sample loops become one-shot PCM (loop length > 64); sustain loops are not preserved; 4 non-looped samples become 16 kHz PCM one-shots; 4 short loops become 16-point wavetables and sustain until cut; 5 PCM instruments are triggered at multiple notes; playback rate is baked from each instrument's most common note	https://ftp.modland.com/pub/modules/Protracker/Dr.%20Awesome/awakening.mod	Dr. Awesome/awakening.mod	
verified	approximate	12346	9256		b60c580632f92d76359a2aa2d22a5b77c61964e5b460c6bcd6208072d33c916a	b2b4323f415b28c6e6718b88635ae37b1e3d22b90995ed7255042c4bf2b26820	2 tone-portamento+volume slides keep only tone portamento; 14 vibrato-volume slides keep only the volume slide; 1 long sample loops become one-shot PCM (loop length > 64); sustain loops are not preserved; 4 non-looped samples become 16 kHz PCM one-shots; 2 short loops become 16-point wavetables and sustain until cut; 2 PCM instruments are triggered at multiple notes; playback rate is baked from each instrument's most common note	https://ftp.modland.com/pub/modules/Protracker/Firefox/hiscore.mod	Firefox/hiscore.mod	
verified	approximate	31986	21397		fe1a671bc0df86d1de944b6ca52bf5ec96a7a1302e92ccacce16d504a74ff46f	862cd1d24990f774191806eed4f4279476299f4ceff39215b2b755ed719dd4ae	1 long sample loops become one-shot PCM (loop length > 64); sustain loops are not preserved; 1 non-looped samples become 16 kHz PCM one-shots; 2 PCM instruments are triggered at multiple notes; playback rate is baked from each instrument's most common note	https://ftp.modland.com/pub/modules/Protracker/Firefox/load%20tune%20iii.mod	Firefox/load tune iii.mod	
verified	approximate	53756	29288		c4f8d87ba2122d12b6e1ba02ab9aed99d4f2703ca18a55c080ee567e6092607d	85411a960a538cb2292ef717404c5582f0157fc1f8bce21f86f22e535045ae43	36 vibrato-volume slides keep only the volume slide; 1 long sample loops become one-shot PCM (loop length > 64); sustain loops are not preserved; 9 non-looped samples become 16 kHz PCM one-shots; 5 PCM instruments are triggered at multiple notes; playback rate is baked from each instrument's most common note	https://ftp.modland.com/pub/modules/Protracker/Jogeir%20Liljedahl/00enjoy.mod	Jogeir Liljedahl/00enjoy.mod	
verified	approximate	38206	19603		22c671f864b6fce2f65b0a928ca693d2c982a1d0f32418bf37d8c7926489a2dc	0ac7b6342070912ff125af2d86586bda292d22b200eee1f4b2b360a53753b0e0	36 vibrato-volume slides keep only the volume slide; 2 long sample loops become one-shot PCM (loop length > 64); sustain loops are not preserved; 5 non-looped samples become 16 kHz PCM one-shots; 4 PCM instruments are triggered at multiple notes; playback rate is baked from each instrument's most common note	https://ftp.modland.com/pub/modules/Protracker/Jogeir%20Liljedahl/00eojny.mod	Jogeir Liljedahl/00eojny.mod	
verified	approximate	46768	26049		277799a9fd35bf9ab9b9243f3431f0c32c6b63013ebbdbd2e0f5bd5a9d79f6b2	9f5402835902fd83473614c0d3575b6e7b8362222d54bedbc5b54ef0ba20e68f	32 vibrato-volume slides keep only the volume slide; 5 long sample loops become one-shot PCM (loop length > 64); sustain loops are not preserved; 1 non-looped samples become 16 kHz PCM one-shots; 1 PCM instruments are triggered at multiple notes; playback rate is baked from each instrument's most common note	https://ftp.modland.com/pub/modules/Protracker/Jogeir%20Liljedahl/a%20rambo%20rules%21.mod	Jogeir Liljedahl/a rambo rules!.mod	
verified	approximate	6372	4377		06c6dec75faa64cfb2ddc4d8a99f947a1cb1ea2fec2f1a51de6b379e719083ff	ce99dea1a26793997e5e878ff63474d8eeccccc58e3a60d3241003ff5f62b452	13 vibrato-volume slides keep only the volume slide; 1 long sample loops become one-shot PCM (loop length > 64); sustain loops are not preserved; 1 PCM instruments are triggered at multiple notes; playback rate is baked from each instrument's most common note	https://ftp.modland.com/pub/modules/Protracker/Jogeir%20Liljedahl/ballerina.mod	Jogeir Liljedahl/ballerina.mod	
verified	approximate	67038	31190		f26057f879637b855605b2a00d04d6d6baa7e834a1568157872d6eb1f9031e2e	1e1adf5d4735563d12a581a4f6e2d69c560508be0e53c00ae5d5394617ca07e5	6 Amiga LED filter commands are ignored; 4 long sample loops become one-shot PCM (loop length > 64); sustain loops are not preserved; 1 non-looped samples become 16 kHz PCM one-shots; 5 PCM instruments are triggered at multiple notes; playback rate is baked from each instrument's most common note	https://ftp.modland.com/pub/modules/Protracker/Jogeir%20Liljedahl/beast-gameover.mod	Jogeir Liljedahl/beast-gameover.mod	
verified	approximate	40724	20411		24118fc5a129ec20748479404691140789967a440f98a02750a5a56cfc686795	8a8ee12b1b3276eeff590b24b89cf37643e4df56e91402f46b8cab0c9317271e	6 sample-offset commands start samples from the beginning; 2 long sample loops become one-shot PCM (loop length > 64); sustain loops are not preserved; 5 non-looped samples become 16 kHz PCM one-shots; 6 PCM instruments are triggered at multiple notes; playback rate is baked from each instrument's most common note; 8 periods were clamped into notes 1..96	https://ftp.modland.com/pub/modules/Protracker/Laxity/i%27m%20a%20dick.mod	Laxity/i'm a dick.mod	
verified	approximate	31924	31491		9598f22c3a5b4adfaf155d741997dc59282d7e5eadef61af3dd8275c9d9f099f	e9e581a92991081ea9a1c30c69dbf4056c999bd72295c566f6b48e968b94d011	2 Amiga LED filter commands are ignored; 1 non-looped samples become 16 kHz PCM one-shots; 1 PCM instruments are triggered at multiple notes; playback rate is baked from each instrument's most common note	https://ftp.modland.com/pub/modules/Protracker/Mahoney/aase%20v01.mod	Mahoney/aase v01.mod	
verified	approximate	14780	9520		8f231c90ed1f75751f0b2eab20de7bf84f71b9220c59756c323c5fbbe742945b	0fe47fce37f87a5c4bf953df661b6ee6bedd879589ed5f59b4ed2124c468aec0	1 non-looped samples become 16 kHz PCM one-shots; 1 PCM instruments are triggered at multiple notes; playback rate is baked from each instrument's most common note	https://ftp.modland.com/pub/modules/Protracker/Mahoney/fainter.mod	Mahoney/fainter.mod	
verified	approximate	44480	30655		55edf3c32320eb7cbe32889e410c1c03edf42235b55fe16bbcd0dd20dc5bad02	b93691a85371d2168fe3a41625b50bdbfd76fe250fb55c04dfb15534c4f6c214	panning commands are discarded because hardware output is mono; 1 tone-portamento+volume slides keep only tone portamento; 1 vibrato-volume slides keep only the volume slide; 2 tremolo commands are discarded; 4 non-looped samples become 16 kHz PCM one-shots; 2 PCM instruments are triggered at multiple notes; playback rate is baked from each instrument's most common note	https://ftp.modland.com/pub/modules/Protracker/Mahoney/mozart.mod	Mahoney/mozart.mod	
verified	approximate	23846	18563		724ffe15f46a2d366b99edfdd5b0f0e50cdb0992600f5b1d6742596c55c03b4b	5d509edb2af0bd011784c82f00f16ce7852f23b7b46cd998aa301c0e579df3da	32 vibrato-volume slides keep only the volume slide; 1 Amiga LED filter commands are ignored; 1 long sample loops become one-shot PCM (loop length > 64); sustain loops are not preserved; 10 non-looped samples become 16 kHz PCM one-shots; 2 short loops become 16-point wavetables and sustain until cut; 6 PCM instruments are triggered at multiple notes; playback rate is baked from each instrument's most common note	https://ftp.modland.com/pub/modules/Protracker/Tip/i%20vote%204%20rebels%20too.mod	Tip/i vote 4 rebels too.mod	
verified	approximate	11846	11031		dc7f192a6231487b9220b37d4dfe16925db545f40f7ea55042220200cb85aa69	408d4b8cc5123170ee3ecc6834372982c85d1e868b48e264bc0bc1a11a7c5cdd	55 vibrato-volume slides keep only the volume slide; 1 long sample loops become one-shot PCM (loop length > 64); sustain loops are not preserved; 3 non-looped samples become 16 kHz PCM one-shots; 3 short loops become 16-point wavetables and sustain until cut; 2 PCM instruments are triggered at multiple notes; playback rate is baked from each instrument's most common note	https://ftp.modland.com/pub/modules/Protracker/Tip/tip%27s%20dilemma.mod	Tip/tip's dilemma.mod	
verified	approximate	35248	25966		7421e83240abfe1ad8a8eb9dc221e90913a7ec4132612f0ef892a1bd5e39a600	789f6dd7ed4aa86987baca6ef3ae088894e0e42e7f9141f5ba087583f89706e5	3 non-looped samples become 16 kHz PCM one-shots; 3 PCM instruments are triggered at multiple notes; playback rate is baked from each instrument's most common note	https://ftp.modland.com/pub/modules/Protracker/Tip/tipandtra.mod	Tip/tipandtra.mod	
verified	approximate	52604	24442		1b8540a5192967f643782bff9f3ce6085dd0f7c39b0b39ed394d028991f30c2f	082178137e6530844df9685859eb3b2ab650066bf079f163594373ab4194aff4	3 non-looped samples become 16 kHz PCM one-shots; 3 PCM instruments are triggered at multiple notes; playback rate is baked from each instrument's most common note	https://ftp.modland.com/pub/modules/Protracker/Tip/vaxjo%20by%20night.mod	Tip/vaxjo by night.mod	
verified	approximate	51326	32137		b6346f57b058e9249e23e956216977d099f8329010f96d57ba4615d915eae5ce	1e6b00a154f2c1d736bb87c9b5bb9e9b8647994ef94a6685971679ecfa4667e0	1 long sample loops become one-shot PCM (loop length > 64); sustain loops are not preserved; 7 non-looped samples become 16 kHz PCM one-shots; 1 short loops become 16-point wavetables and sustain until cut; 5 PCM instruments are triggered at multiple notes; playback rate is baked from each instrument's most common note	https://ftp.modland.com/pub/modules/Protracker/Walkman/a%20solid%20breakfast.mod	Walkman/a solid breakfast.mod	
verified	approximate	53216	32336		516777daf8c77fdbbd370a2fb4568098412d69df68742f500534584a2e402f4f	11ee65c8d5d455d995821091b7a77a7e146c0165fcc8792ddfb9273829590159	3 long sample loops become one-shot PCM (loop length > 64); sustain loops are not preserved; 4 non-looped samples become 16 kHz PCM one-shots; 5 PCM instruments are triggered at multiple notes; playback rate is baked from each instrument's most common note	https://ftp.modland.com/pub/modules/Protracker/Walkman/beams%20of%20light.mod	Walkman/beams of light.mod	
verified	approximate	196626	32340		436683613535315b789209e2324c033c3e0fb4a23ef9015dcbafb50b549488da	74382e967c6ebcc0135d4135f1ec9db01500a90f387c9c762ed683c994ac572c	3 long sample loops become one-shot PCM (loop length > 64); sustain loops are not preserved; 4 non-looped samples become 16 kHz PCM one-shots; 5 PCM instruments are triggered at multiple notes; playback rate is baked from each instrument's most common note	https://ftp.modland.com/pub/modules/Protracker/Walkman/beams%20of%20light_alt.mod	Walkman/beams of light_alt.mod	
verified	approximate	27612	15986		b2381da53fe61a1ab4294c049e2d4d0832202f6112500b90cb2dea280dae544c	ab0238313c33a89bc28ae4f1f50a5fa491b5efa96afc4fa77b73ec853905b1f3	2 non-looped samples become 16 kHz PCM one-shots; 2 PCM instruments are triggered at multiple notes; playback rate is baked from each instrument's most common note	https://ftp.modland.com/pub/modules/Protracker/Walkman/guit1.mod	Walkman/guit1.mod	
verified	approximate	61384	32788		014ec78d5f9a258613cd1b29cb15a507266f23037a56c6be8bb6ca65e44aef60	3c320647413e4157e7ed0e9cf4a11d9b34f92cfd0a0940b2f588056f63d42a19	8 non-looped samples become 16 kHz PCM one-shots; 7 PCM instruments are triggered at multiple notes; playback rate is baked from each instrument's most common note	https://ftp.modland.com/pub/modules/Protracker/Walkman/it%20f2.mod	Walkman/it f2.mod	
